Sample,Group,Target,Replicate,Ct
NOR-01,Normal,miR-21-5p,1,23.38
NOR-01,Normal,miR-21-5p,2,23.78
NOR-01,Normal,miR-21-5p,3,23.68
NOR-01,Normal,miR-122-5p,1,21.38
NOR-01,Normal,miR-122-5p,2,21.46
NOR-01,Normal,miR-122-5p,3,21.39
NOR-01,Normal,miR-221-3p,1,26.53
NOR-01,Normal,miR-221-3p,2,26.51
NOR-01,Normal,miR-221-3p,3,26.44
NOR-01,Normal,miR-199a-3p,1,25.51
NOR-01,Normal,miR-199a-3p,2,25.42
NOR-01,Normal,miR-199a-3p,3,25.45
NOR-01,Normal,RNU48,1,24.55
NOR-01,Normal,RNU48,2,24.4
NOR-01,Normal,RNU48,3,24.51
NOR-01,Normal,miR-16-5p,1,22.55
NOR-01,Normal,miR-16-5p,2,22.56
NOR-01,Normal,miR-16-5p,3,22.65
NOR-01,Normal,U6,1,21.72
NOR-01,Normal,U6,2,21.96
NOR-01,Normal,U6,3,21.65
NOR-02,Normal,miR-21-5p,1,23.86
NOR-02,Normal,miR-21-5p,2,23.8
NOR-02,Normal,miR-21-5p,3,23.83
NOR-02,Normal,miR-122-5p,1,21.88
NOR-02,Normal,miR-122-5p,2,21.73
NOR-02,Normal,miR-122-5p,3,21.74
NOR-02,Normal,miR-221-3p,1,27.39
NOR-02,Normal,miR-221-3p,2,27.31
NOR-02,Normal,miR-221-3p,3,27.21
NOR-02,Normal,miR-199a-3p,1,25.99
NOR-02,Normal,miR-199a-3p,2,25.89
NOR-02,Normal,miR-199a-3p,3,25.9
NOR-02,Normal,RNU48,1,25.18
NOR-02,Normal,RNU48,2,25.59
NOR-02,Normal,RNU48,3,25.66
NOR-02,Normal,miR-16-5p,1,23.33
NOR-02,Normal,miR-16-5p,2,23.15
NOR-02,Normal,miR-16-5p,3,23.35
NOR-02,Normal,U6,1,20.79
NOR-02,Normal,U6,2,20.76
NOR-02,Normal,U6,3,20.83
NOR-03,Normal,miR-21-5p,1,24.46
NOR-03,Normal,miR-21-5p,2,24.46
NOR-03,Normal,miR-21-5p,3,24.46
NOR-03,Normal,miR-122-5p,1,22.16
NOR-03,Normal,miR-122-5p,2,22.43
NOR-03,Normal,miR-122-5p,3,22.2
NOR-03,Normal,miR-221-3p,1,27.72
NOR-03,Normal,miR-221-3p,2,29.48
NOR-03,Normal,miR-221-3p,3,27.65
NOR-03,Normal,miR-199a-3p,1,26.8
NOR-03,Normal,miR-199a-3p,2,26.46
NOR-03,Normal,miR-199a-3p,3,26.66
NOR-03,Normal,RNU48,1,25.79
NOR-03,Normal,RNU48,2,25.73
NOR-03,Normal,RNU48,3,25.96
NOR-03,Normal,miR-16-5p,1,23.94
NOR-03,Normal,miR-16-5p,2,23.67
NOR-03,Normal,miR-16-5p,3,23.77
NOR-03,Normal,U6,1,22.14
NOR-03,Normal,U6,2,21.95
NOR-03,Normal,U6,3,22.02
NOR-04,Normal,miR-21-5p,1,23.66
NOR-04,Normal,miR-21-5p,2,23.65
NOR-04,Normal,miR-21-5p,3,23.35
NOR-04,Normal,miR-122-5p,1,21.1
NOR-04,Normal,miR-122-5p,2,21.26
NOR-04,Normal,miR-122-5p,3,21.49
NOR-04,Normal,miR-221-3p,1,26.78
NOR-04,Normal,miR-221-3p,2,26.62
NOR-04,Normal,miR-221-3p,3,26.62
NOR-04,Normal,miR-199a-3p,1,25.19
NOR-04,Normal,miR-199a-3p,2,25.31
NOR-04,Normal,miR-199a-3p,3,25.15
NOR-04,Normal,RNU48,1,25.02
NOR-04,Normal,RNU48,2,24.99
NOR-04,Normal,RNU48,3,25.06
NOR-04,Normal,miR-16-5p,1,23.06
NOR-04,Normal,miR-16-5p,2,22.83
NOR-04,Normal,miR-16-5p,3,22.65
NOR-04,Normal,U6,1,20.89
NOR-04,Normal,U6,2,20.96
NOR-04,Normal,U6,3,21.16
NOR-05,Normal,miR-21-5p,1,23.72
NOR-05,Normal,miR-21-5p,2,23.66
NOR-05,Normal,miR-21-5p,3,23.74
NOR-05,Normal,miR-122-5p,1,21.1
NOR-05,Normal,miR-122-5p,2,21.3
NOR-05,Normal,miR-122-5p,3,21.26
NOR-05,Normal,miR-221-3p,1,26.85
NOR-05,Normal,miR-221-3p,2,27.02
NOR-05,Normal,miR-221-3p,3,26.79
NOR-05,Normal,miR-199a-3p,1,24.72
NOR-05,Normal,miR-199a-3p,2,24.84
NOR-05,Normal,miR-199a-3p,3,25.07
NOR-05,Normal,RNU48,1,24.17
NOR-05,Normal,RNU48,2,24.47
NOR-05,Normal,RNU48,3,24.32
NOR-05,Normal,miR-16-5p,1,22.36
NOR-05,Normal,miR-16-5p,2,22.19
NOR-05,Normal,miR-16-5p,3,22.66
NOR-05,Normal,U6,1,19.36
NOR-05,Normal,U6,2,19.37
NOR-05,Normal,U6,3,19.23
NOR-06,Normal,miR-21-5p,1,25.54
NOR-06,Normal,miR-21-5p,2,25.47
NOR-06,Normal,miR-21-5p,3,25.5
NOR-06,Normal,miR-122-5p,1,22.52
NOR-06,Normal,miR-122-5p,2,22.54
NOR-06,Normal,miR-122-5p,3,22.45
NOR-06,Normal,miR-221-3p,1,28.06
NOR-06,Normal,miR-221-3p,2,28.17
NOR-06,Normal,miR-221-3p,3,27.96
NOR-06,Normal,miR-199a-3p,1,27.19
NOR-06,Normal,miR-199a-3p,2,27.18
NOR-06,Normal,miR-199a-3p,3,27.46
NOR-06,Normal,RNU48,1,25.89
NOR-06,Normal,RNU48,2,26.33
NOR-06,Normal,RNU48,3,25.9
NOR-06,Normal,miR-16-5p,1,24.08
NOR-06,Normal,miR-16-5p,2,23.89
NOR-06,Normal,miR-16-5p,3,24.16
NOR-06,Normal,U6,1,22.25
NOR-06,Normal,U6,2,22.1
NOR-06,Normal,U6,3,22.34
CIR-01,Cirrhosis,miR-21-5p,1,22.33
CIR-01,Cirrhosis,miR-21-5p,2,22.11
CIR-01,Cirrhosis,miR-21-5p,3,22.17
CIR-01,Cirrhosis,miR-122-5p,1,23.09
CIR-01,Cirrhosis,miR-122-5p,2,23.03
CIR-01,Cirrhosis,miR-122-5p,3,23.08
CIR-01,Cirrhosis,miR-221-3p,1,26.02
CIR-01,Cirrhosis,miR-221-3p,2,26.06
CIR-01,Cirrhosis,miR-221-3p,3,26.02
CIR-01,Cirrhosis,miR-199a-3p,1,25.16
CIR-01,Cirrhosis,miR-199a-3p,2,25.68
CIR-01,Cirrhosis,miR-199a-3p,3,25.63
CIR-01,Cirrhosis,RNU48,1,24.55
CIR-01,Cirrhosis,RNU48,2,24.49
CIR-01,Cirrhosis,RNU48,3,24.48
CIR-01,Cirrhosis,miR-16-5p,1,22.19
CIR-01,Cirrhosis,miR-16-5p,2,22.41
CIR-01,Cirrhosis,miR-16-5p,3,22.37
CIR-01,Cirrhosis,U6,1,20.9
CIR-01,Cirrhosis,U6,2,20.93
CIR-01,Cirrhosis,U6,3,20.88
CIR-02,Cirrhosis,miR-21-5p,1,23.6
CIR-02,Cirrhosis,miR-21-5p,2,23.42
CIR-02,Cirrhosis,miR-21-5p,3,23.58
CIR-02,Cirrhosis,miR-122-5p,1,23.13
CIR-02,Cirrhosis,miR-122-5p,2,23.06
CIR-02,Cirrhosis,miR-122-5p,3,23.16
CIR-02,Cirrhosis,miR-221-3p,1,26.97
CIR-02,Cirrhosis,miR-221-3p,2,27.1
CIR-02,Cirrhosis,miR-221-3p,3,27.1
CIR-02,Cirrhosis,miR-199a-3p,1,25.99
CIR-02,Cirrhosis,miR-199a-3p,2,25.88
CIR-02,Cirrhosis,miR-199a-3p,3,25.93
CIR-02,Cirrhosis,RNU48,1,24.9
CIR-02,Cirrhosis,RNU48,2,24.9
CIR-02,Cirrhosis,RNU48,3,24.91
CIR-02,Cirrhosis,miR-16-5p,1,23.1
CIR-02,Cirrhosis,miR-16-5p,2,23.04
CIR-02,Cirrhosis,miR-16-5p,3,23.04
CIR-02,Cirrhosis,U6,1,20.58
CIR-02,Cirrhosis,U6,2,20.58
CIR-02,Cirrhosis,U6,3,20.8
CIR-03,Cirrhosis,miR-21-5p,1,24.99
CIR-03,Cirrhosis,miR-21-5p,2,24.59
CIR-03,Cirrhosis,miR-21-5p,3,24.82
CIR-03,Cirrhosis,miR-122-5p,1,24.04
CIR-03,Cirrhosis,miR-122-5p,2,24.24
CIR-03,Cirrhosis,miR-122-5p,3,24.29
CIR-03,Cirrhosis,miR-221-3p,1,28.04
CIR-03,Cirrhosis,miR-221-3p,2,27.83
CIR-03,Cirrhosis,miR-221-3p,3,27.83
CIR-03,Cirrhosis,miR-199a-3p,1,27.36
CIR-03,Cirrhosis,miR-199a-3p,2,27.21
CIR-03,Cirrhosis,miR-199a-3p,3,27.35
CIR-03,Cirrhosis,RNU48,1,26.06
CIR-03,Cirrhosis,RNU48,2,25.94
CIR-03,Cirrhosis,RNU48,3,25.92
CIR-03,Cirrhosis,miR-16-5p,1,23.94
CIR-03,Cirrhosis,miR-16-5p,2,23.78
CIR-03,Cirrhosis,miR-16-5p,3,24.02
CIR-03,Cirrhosis,U6,1,23.85
CIR-03,Cirrhosis,U6,2,23.58
CIR-03,Cirrhosis,U6,3,23.77
CIR-04,Cirrhosis,miR-21-5p,1,21.68
CIR-04,Cirrhosis,miR-21-5p,2,21.61
CIR-04,Cirrhosis,miR-21-5p,3,21.52
CIR-04,Cirrhosis,miR-122-5p,1,20.86
CIR-04,Cirrhosis,miR-122-5p,2,21.03
CIR-04,Cirrhosis,miR-122-5p,3,21.01
CIR-04,Cirrhosis,miR-221-3p,1,26.06
CIR-04,Cirrhosis,miR-221-3p,2,25.84
CIR-04,Cirrhosis,miR-221-3p,3,25.94
CIR-04,Cirrhosis,miR-199a-3p,1,25.03
CIR-04,Cirrhosis,miR-199a-3p,2,25.06
CIR-04,Cirrhosis,miR-199a-3p,3,25.21
CIR-04,Cirrhosis,RNU48,1,24.0
CIR-04,Cirrhosis,RNU48,2,24.04
CIR-04,Cirrhosis,RNU48,3,23.86
CIR-04,Cirrhosis,miR-16-5p,1,21.79
CIR-04,Cirrhosis,miR-16-5p,2,22.24
CIR-04,Cirrhosis,miR-16-5p,3,22.08
CIR-04,Cirrhosis,U6,1,20.37
CIR-04,Cirrhosis,U6,2,20.42
CIR-04,Cirrhosis,U6,3,20.28
CIR-05,Cirrhosis,miR-21-5p,1,23.21
CIR-05,Cirrhosis,miR-21-5p,2,23.07
CIR-05,Cirrhosis,miR-21-5p,3,23.25
CIR-05,Cirrhosis,miR-122-5p,1,22.96
CIR-05,Cirrhosis,miR-122-5p,2,23.28
CIR-05,Cirrhosis,miR-122-5p,3,23.02
CIR-05,Cirrhosis,miR-221-3p,1,26.97
CIR-05,Cirrhosis,miR-221-3p,2,26.84
CIR-05,Cirrhosis,miR-221-3p,3,27.09
CIR-05,Cirrhosis,miR-199a-3p,1,26.94
CIR-05,Cirrhosis,miR-199a-3p,2,27.13
CIR-05,Cirrhosis,miR-199a-3p,3,26.92
CIR-05,Cirrhosis,RNU48,1,24.95
CIR-05,Cirrhosis,RNU48,2,24.9
CIR-05,Cirrhosis,RNU48,3,25.0
CIR-05,Cirrhosis,miR-16-5p,1,23.11
CIR-05,Cirrhosis,miR-16-5p,2,23.21
CIR-05,Cirrhosis,miR-16-5p,3,23.24
CIR-05,Cirrhosis,U6,1,20.85
CIR-05,Cirrhosis,U6,2,20.97
CIR-05,Cirrhosis,U6,3,21.06
CIR-06,Cirrhosis,miR-21-5p,1,22.66
CIR-06,Cirrhosis,miR-21-5p,2,22.71
CIR-06,Cirrhosis,miR-21-5p,3,22.61
CIR-06,Cirrhosis,miR-122-5p,1,22.29
CIR-06,Cirrhosis,miR-122-5p,2,22.19
CIR-06,Cirrhosis,miR-122-5p,3,22.3
CIR-06,Cirrhosis,miR-221-3p,1,26.33
CIR-06,Cirrhosis,miR-221-3p,2,26.08
CIR-06,Cirrhosis,miR-221-3p,3,26.2
CIR-06,Cirrhosis,miR-199a-3p,1,25.84
CIR-06,Cirrhosis,miR-199a-3p,2,25.82
CIR-06,Cirrhosis,miR-199a-3p,3,25.92
CIR-06,Cirrhosis,RNU48,1,24.62
CIR-06,Cirrhosis,RNU48,2,24.61
CIR-06,Cirrhosis,RNU48,3,24.34
CIR-06,Cirrhosis,miR-16-5p,1,22.64
CIR-06,Cirrhosis,miR-16-5p,2,22.66
CIR-06,Cirrhosis,miR-16-5p,3,22.66
CIR-06,Cirrhosis,U6,1,20.68
CIR-06,Cirrhosis,U6,2,20.81
CIR-06,Cirrhosis,U6,3,20.69
HCC-01,HCC,miR-21-5p,1,20.85
HCC-01,HCC,miR-21-5p,2,21.14
HCC-01,HCC,miR-21-5p,3,21.18
HCC-01,HCC,miR-122-5p,1,22.99
HCC-01,HCC,miR-122-5p,2,23.11
HCC-01,HCC,miR-122-5p,3,22.75
HCC-01,HCC,miR-221-3p,1,24.24
HCC-01,HCC,miR-221-3p,2,24.09
HCC-01,HCC,miR-221-3p,3,24.45
HCC-01,HCC,miR-199a-3p,1,25.63
HCC-01,HCC,miR-199a-3p,2,25.75
HCC-01,HCC,miR-199a-3p,3,25.84
HCC-01,HCC,RNU48,1,23.5
HCC-01,HCC,RNU48,2,23.63
HCC-01,HCC,RNU48,3,23.4
HCC-01,HCC,miR-16-5p,1,21.46
HCC-01,HCC,miR-16-5p,2,21.5
HCC-01,HCC,miR-16-5p,3,21.54
HCC-01,HCC,U6,1,20.42
HCC-01,HCC,U6,2,20.31
HCC-01,HCC,U6,3,20.28
HCC-02,HCC,miR-21-5p,1,22.78
HCC-02,HCC,miR-21-5p,2,22.84
HCC-02,HCC,miR-21-5p,3,22.55
HCC-02,HCC,miR-122-5p,1,23.73
HCC-02,HCC,miR-122-5p,2,23.75
HCC-02,HCC,miR-122-5p,3,23.77
HCC-02,HCC,miR-221-3p,1,25.79
HCC-02,HCC,miR-221-3p,2,25.88
HCC-02,HCC,miR-221-3p,3,25.89
HCC-02,HCC,miR-199a-3p,1,28.03
HCC-02,HCC,miR-199a-3p,2,28.09
HCC-02,HCC,miR-199a-3p,3,28.47
HCC-02,HCC,RNU48,1,25.67
HCC-02,HCC,RNU48,2,25.54
HCC-02,HCC,RNU48,3,25.52
HCC-02,HCC,miR-16-5p,1,23.43
HCC-02,HCC,miR-16-5p,2,23.36
HCC-02,HCC,miR-16-5p,3,23.41
HCC-02,HCC,U6,1,21.08
HCC-02,HCC,U6,2,21.2
HCC-02,HCC,U6,3,21.05
HCC-03,HCC,miR-21-5p,1,22.78
HCC-03,HCC,miR-21-5p,2,22.76
HCC-03,HCC,miR-21-5p,3,22.81
HCC-03,HCC,miR-122-5p,1,24.49
HCC-03,HCC,miR-122-5p,2,24.21
HCC-03,HCC,miR-122-5p,3,24.41
HCC-03,HCC,miR-221-3p,1,25.68
HCC-03,HCC,miR-221-3p,2,25.7
HCC-03,HCC,miR-221-3p,3,25.68
HCC-03,HCC,miR-199a-3p,1,27.76
HCC-03,HCC,miR-199a-3p,2,28.02
HCC-03,HCC,miR-199a-3p,3,27.96
HCC-03,HCC,RNU48,1,25.29
HCC-03,HCC,RNU48,2,25.1
HCC-03,HCC,RNU48,3,25.24
HCC-03,HCC,miR-16-5p,1,23.28
HCC-03,HCC,miR-16-5p,2,23.55
HCC-03,HCC,miR-16-5p,3,23.37
HCC-03,HCC,U6,1,21.09
HCC-03,HCC,U6,2,21.24
HCC-03,HCC,U6,3,21.34
HCC-04,HCC,miR-21-5p,1,21.79
HCC-04,HCC,miR-21-5p,2,21.89
HCC-04,HCC,miR-21-5p,3,21.77
HCC-04,HCC,miR-122-5p,1,24.67
HCC-04,HCC,miR-122-5p,2,24.7
HCC-04,HCC,miR-122-5p,3,Undetermined
HCC-04,HCC,miR-221-3p,1,24.96
HCC-04,HCC,miR-221-3p,2,24.86
HCC-04,HCC,miR-221-3p,3,24.82
HCC-04,HCC,miR-199a-3p,1,27.28
HCC-04,HCC,miR-199a-3p,2,27.24
HCC-04,HCC,miR-199a-3p,3,27.17
HCC-04,HCC,RNU48,1,24.87
HCC-04,HCC,RNU48,2,25.01
HCC-04,HCC,RNU48,3,24.68
HCC-04,HCC,miR-16-5p,1,22.87
HCC-04,HCC,miR-16-5p,2,22.88
HCC-04,HCC,miR-16-5p,3,22.82
HCC-04,HCC,U6,1,21.74
HCC-04,HCC,U6,2,21.58
HCC-04,HCC,U6,3,21.47
HCC-05,HCC,miR-21-5p,1,22.44
HCC-05,HCC,miR-21-5p,2,22.14
HCC-05,HCC,miR-21-5p,3,22.25
HCC-05,HCC,miR-122-5p,1,24.07
HCC-05,HCC,miR-122-5p,2,23.96
HCC-05,HCC,miR-122-5p,3,23.96
HCC-05,HCC,miR-221-3p,1,25.92
HCC-05,HCC,miR-221-3p,2,25.69
HCC-05,HCC,miR-221-3p,3,25.82
HCC-05,HCC,miR-199a-3p,1,26.73
HCC-05,HCC,miR-199a-3p,2,26.93
HCC-05,HCC,miR-199a-3p,3,26.69
HCC-05,HCC,RNU48,1,24.95
HCC-05,HCC,RNU48,2,25.01
HCC-05,HCC,RNU48,3,24.77
HCC-05,HCC,miR-16-5p,1,22.91
HCC-05,HCC,miR-16-5p,2,23.11
HCC-05,HCC,miR-16-5p,3,22.84
HCC-05,HCC,U6,1,19.58
HCC-05,HCC,U6,2,19.42
HCC-05,HCC,U6,3,19.36
HCC-06,HCC,miR-21-5p,1,22.32
HCC-06,HCC,miR-21-5p,2,22.59
HCC-06,HCC,miR-21-5p,3,22.56
HCC-06,HCC,miR-122-5p,1,24.95
HCC-06,HCC,miR-122-5p,2,25.02
HCC-06,HCC,miR-122-5p,3,24.86
HCC-06,HCC,miR-221-3p,1,25.53
HCC-06,HCC,miR-221-3p,2,25.55
HCC-06,HCC,miR-221-3p,3,25.72
HCC-06,HCC,miR-199a-3p,1,28.06
HCC-06,HCC,miR-199a-3p,2,28.36
HCC-06,HCC,miR-199a-3p,3,28.4
HCC-06,HCC,RNU48,1,25.96
HCC-06,HCC,RNU48,2,25.64
HCC-06,HCC,RNU48,3,25.58
HCC-06,HCC,miR-16-5p,1,23.53
HCC-06,HCC,miR-16-5p,2,23.46
HCC-06,HCC,miR-16-5p,3,23.65
HCC-06,HCC,U6,1,21.73
HCC-06,HCC,U6,2,21.86
HCC-06,HCC,U6,3,21.71
